Workbook

Sheet Daftar Halaman
A1: No | B1: Area | C1: Kelompok | D1: Halaman | E1: Keterangan | F1: Prioritas | G1: Fase
A2: 1 | B2: Pelanggan | C2: Utama | D2: Home | E2: Headline raksasa, tile kategori, Barang Baru, newsletter | F2: Rilis 1 | G2: Fase 4
A3: 2 | B3: Pelanggan | C3: Utama | D3: Katalog | E3: Satu template; tab kategori, filter, urutan lewat query URL | F3: Rilis 1 | G3: Fase 4
A4: 3 | B4: Pelanggan | C4: Utama | D4: Detail Produk | E4: Satu template untuk sekitar 560 URL produk dari Excel | F4: Rilis 1 | G4: Fase 4
A5: 4 | B5: Pelanggan | C5: Belanja | D5: Keranjang | E5: Halaman + drawer samping (drawer bukan halaman terpisah) | F5: Rilis 1 | G5: Fase 5
A6: 5 | B6: Pelanggan | C6: Belanja | D6: Checkout | E6: Nama, telepon, alamat, catatan; tanpa ongkir | F6: Rilis 1 | G6: Fase 5
A7: 6 | B7: Pelanggan | C7: Belanja | D7: Order Berhasil | E7: Instruksi transfer BCA + nomor order + upload bukti transfer | F7: Rilis 1 | G7: Fase 5
A8: 7 | B8: Pelanggan | C8: Belanja | D8: Lacak Pesanan | E8: Cek status dengan nomor order + telepon | F8: Rilis 1 | G8: Fase 5
A9: 8 | B9: Pelanggan | C9: Akun | D9: Daftar | E9: Registrasi akun | F9: Rilis 1 | G9: Fase 4
A10: 9 | B10: Pelanggan | C10: Akun | D10: Masuk | E10: Email/password; Google login opsional (env flag) | F10: Rilis 1 | G10: Fase 4
A11: 10 | B11: Pelanggan | C11: Akun | D11: Lupa Password | F11: Rilis 1 | G11: Fase 4
A12: 11 | B12: Pelanggan | C12: Akun | D12: Reset Password | F12: Rilis 1 | G12: Fase 4
A13: 12 | B13: Pelanggan | C13: Dashboard akun | D13: Profil | F13: Rilis 1 | G13: Fase 4
A14: 13 | B14: Pelanggan | C14: Dashboard akun | D14: Alamat | F14: Rilis 1 | G14: Fase 4
A15: 14 | B15: Pelanggan | C15: Dashboard akun | D15: Riwayat Pesanan | F15: Rilis 1 | G15: Fase 4
A16: 15 | B16: Pelanggan | C16: Dashboard akun | D16: Wishlist | F16: Bisa ditunda | G16: Fase 4
A17: 16 | B17: Pelanggan | C17: Konten | D17: Blog (daftar) | F17: Bisa ditunda | G17: Fase 4
A18: 17 | B18: Pelanggan | C18: Konten | D18: Blog (detail) | F18: Bisa ditunda | G18: Fase 4
A19: 18 | B19: Pelanggan | C19: Konten | D19: Kontak | E19: Form, jam buka, alamat, link peta, WhatsApp | F19: Rilis 1 | G19: Fase 4
A20: 19 | B20: Pelanggan | C20: Statis | D20: Syarat & Ketentuan | F20: Rilis 1 | G20: Fase 4
A21: 20 | B21: Pelanggan | C21: Statis | D21: Kebijakan Privasi | F21: Rilis 1 | G21: Fase 4
A22: 21 | B22: Pelanggan | C22: Statis | D22: Pengiriman & Garansi | E22: Termasuk aturan video unboxing dari catatan toko | F22: Rilis 1 | G22: Fase 4
A23: 22 | B23: Admin | C23: Dashboard | D23: Ringkasan Penjualan | F23: Rilis 1 | G23: Fase 6
A24: 23 | B24: Admin | C24: Produk | D24: Daftar Produk | F24: Rilis 1 | G24: Fase 6
A25: 24 | B25: Admin | C25: Produk | D25: Edit/Tambah Produk | E25: Varian, spek, harga, status stok | F25: Rilis 1 | G25: Fase 6
A26: 25 | B26: Admin | C26: Produk | D26: Kategori | F26: Rilis 1 | G26: Fase 6
A27: 26 | B27: Admin | C27: Produk | D27: Import Katalog | E27: Upload .xls + laporan (CLI importer dibuat di Fase 2) | F27: Rilis 1 | G27: Fase 6
A28: 27 | B28: Admin | C28: Pesanan | D28: Daftar Pesanan | F28: Rilis 1 | G28: Fase 6
A29: 28 | B29: Admin | C29: Pesanan | D29: Detail Pesanan | E29: Ubah status, lihat bukti transfer, catatan pengiriman | F29: Rilis 1 | G29: Fase 6
A30: 29 | B30: Admin | C30: Pelanggan | D30: Pelanggan | F30: Rilis 1 | G30: Fase 6
A31: 30 | B31: Admin | C31: Konten | D31: Moderasi Review | F31: Bisa ditunda | G31: Fase 6
A32: 31 | B32: Admin | C32: Konten | D32: Daftar Blog | F32: Bisa ditunda | G32: Fase 6
A33: 32 | B33: Admin | C33: Konten | D33: Edit Blog | F33: Bisa ditunda | G33: Fase 6
A34: 33 | B34: Admin | C34: Pengaturan | D34: Pengaturan Toko | E34: Kontak, jam buka, bank, tagline, harga gift wrapping | F34: Rilis 1 | G34: Fase 6
A36: Baris berlatar krem = bisa ditunda dari rilis pertama. Ubah kolom Prioritas ('Rilis 1' / 'Bisa ditunda') dan sheet Ringkasan ikut menghitung ulang.

Sheet Ringkasan
A1: Ringkasan Halaman Website GMC
A3: Total halaman (template) | B3: =COUNTA('Daftar Halaman'!$D$2:$D$34) -> 33
A4: Halaman pelanggan | B4: =COUNTIF('Daftar Halaman'!$B$2:$B$34,"Pelanggan") -> 21
A5: Halaman admin | B5: =COUNTIF('Daftar Halaman'!$B$2:$B$34,"Admin") -> 12
A6: Rilis 1 | B6: =COUNTIF('Daftar Halaman'!$F$2:$F$34,"Rilis 1") -> 27
A7: Bisa ditunda | B7: =COUNTIF('Daftar Halaman'!$F$2:$F$34,"Bisa ditunda") -> 6
A10: Per fase pembangunan
A11: Fase | B11: Halaman
A12: Fase 4 | B12: =COUNTIF('Daftar Halaman'!$G$2:$G$34,A12) -> 17
A13: Fase 5 | B13: =COUNTIF('Daftar Halaman'!$G$2:$G$34,A13) -> 4
A14: Fase 6 | B14: =COUNTIF('Daftar Halaman'!$G$2:$G$34,A14) -> 12
A16: Per kelompok
A17: Area / Kelompok | B17: Halaman | C17: Rilis 1 | D17: Ditunda
A18: Pelanggan / Utama | B18: =COUNTIFS('Daftar Halaman'!$B$2:$B$34,"Pelanggan",'Daftar Halaman'!$C$2:$C$34,"Utama") -> 3 | C18: =COUNTIFS('Daftar Halaman'!$B$2:$B$34,"Pelanggan",'Daftar Halaman'!$C$2:$C$34,"Utama",'Daftar Halaman'!$F$2:$F$34,"Rilis 1") -> 3 | D18: =COUNTIFS('Daftar Halaman'!$B$2:$B$34,"Pelanggan",'Daftar Halaman'!$C$2:$C$34,"Utama",'Daftar Halaman'!$F$2:$F$34,"Bisa ditunda") -> 0
A19: Pelanggan / Belanja | B19: =COUNTIFS('Daftar Halaman'!$B$2:$B$34,"Pelanggan",'Daftar Halaman'!$C$2:$C$34,"Belanja") -> 4 | C19: =COUNTIFS('Daftar Halaman'!$B$2:$B$34,"Pelanggan",'Daftar Halaman'!$C$2:$C$34,"Belanja",'Daftar Halaman'!$F$2:$F$34,"Rilis 1") -> 4 | D19: =COUNTIFS('Daftar Halaman'!$B$2:$B$34,"Pelanggan",'Daftar Halaman'!$C$2:$C$34,"Belanja",'Daftar Halaman'!$F$2:$F$34,"Bisa ditunda") -> 0
A20: Pelanggan / Akun | B20: =COUNTIFS('Daftar Halaman'!$B$2:$B$34,"Pelanggan",'Daftar Halaman'!$C$2:$C$34,"Akun") -> 4 | C20: =COUNTIFS('Daftar Halaman'!$B$2:$B$34,"Pelanggan",'Daftar Halaman'!$C$2:$C$34,"Akun",'Daftar Halaman'!$F$2:$F$34,"Rilis 1") -> 4 | D20: =COUNTIFS('Daftar Halaman'!$B$2:$B$34,"Pelanggan",'Daftar Halaman'!$C$2:$C$34,"Akun",'Daftar Halaman'!$F$2:$F$34,"Bisa ditunda") -> 0
A21: Pelanggan / Dashboard akun | B21: =COUNTIFS('Daftar Halaman'!$B$2:$B$34,"Pelanggan",'Daftar Halaman'!$C$2:$C$34,"Dashboard akun") -> 4 | C21: =COUNTIFS('Daftar Halaman'!$B$2:$B$34,"Pelanggan",'Daftar Halaman'!$C$2:$C$34,"Dashboard akun",'Daftar Halaman'!$F$2:$F$34,"Rilis 1") -> 3 | D21: =COUNTIFS('Daftar Halaman'!$B$2:$B$34,"Pelanggan",'Daftar Halaman'!$C$2:$C$34,"Dashboard akun",'Daftar Halaman'!$F$2:$F$34,"Bisa ditunda") -> 1
A22: Pelanggan / Konten | B22: =COUNTIFS('Daftar Halaman'!$B$2:$B$34,"Pelanggan",'Daftar Halaman'!$C$2:$C$34,"Konten") -> 3 | C22: =COUNTIFS('Daftar Halaman'!$B$2:$B$34,"Pelanggan",'Daftar Halaman'!$C$2:$C$34,"Konten",'Daftar Halaman'!$F$2:$F$34,"Rilis 1") -> 1 | D22: =COUNTIFS('Daftar Halaman'!$B$2:$B$34,"Pelanggan",'Daftar Halaman'!$C$2:$C$34,"Konten",'Daftar Halaman'!$F$2:$F$34,"Bisa ditunda") -> 2
A23: Pelanggan / Statis | B23: =COUNTIFS('Daftar Halaman'!$B$2:$B$34,"Pelanggan",'Daftar Halaman'!$C$2:$C$34,"Statis") -> 3 | C23: =COUNTIFS('Daftar Halaman'!$B$2:$B$34,"Pelanggan",'Daftar Halaman'!$C$2:$C$34,"Statis",'Daftar Halaman'!$F$2:$F$34,"Rilis 1") -> 3 | D23: =COUNTIFS('Daftar Halaman'!$B$2:$B$34,"Pelanggan",'Daftar Halaman'!$C$2:$C$34,"Statis",'Daftar Halaman'!$F$2:$F$34,"Bisa ditunda") -> 0
A24: Admin / Dashboard | B24: =COUNTIFS('Daftar Halaman'!$B$2:$B$34,"Admin",'Daftar Halaman'!$C$2:$C$34,"Dashboard") -> 1 | C24: =COUNTIFS('Daftar Halaman'!$B$2:$B$34,"Admin",'Daftar Halaman'!$C$2:$C$34,"Dashboard",'Daftar Halaman'!$F$2:$F$34,"Rilis 1") -> 1 | D24: =COUNTIFS('Daftar Halaman'!$B$2:$B$34,"Admin",'Daftar Halaman'!$C$2:$C$34,"Dashboard",'Daftar Halaman'!$F$2:$F$34,"Bisa ditunda") -> 0
A25: Admin / Produk | B25: =COUNTIFS('Daftar Halaman'!$B$2:$B$34,"Admin",'Daftar Halaman'!$C$2:$C$34,"Produk") -> 4 | C25: =COUNTIFS('Daftar Halaman'!$B$2:$B$34,"Admin",'Daftar Halaman'!$C$2:$C$34,"Produk",'Daftar Halaman'!$F$2:$F$34,"Rilis 1") -> 4 | D25: =COUNTIFS('Daftar Halaman'!$B$2:$B$34,"Admin",'Daftar Halaman'!$C$2:$C$34,"Produk",'Daftar Halaman'!$F$2:$F$34,"Bisa ditunda") -> 0
A26: Admin / Pesanan | B26: =COUNTIFS('Daftar Halaman'!$B$2:$B$34,"Admin",'Daftar Halaman'!$C$2:$C$34,"Pesanan") -> 2 | C26: =COUNTIFS('Daftar Halaman'!$B$2:$B$34,"Admin",'Daftar Halaman'!$C$2:$C$34,"Pesanan",'Daftar Halaman'!$F$2:$F$34,"Rilis 1") -> 2 | D26: =COUNTIFS('Daftar Halaman'!$B$2:$B$34,"Admin",'Daftar Halaman'!$C$2:$C$34,"Pesanan",'Daftar Halaman'!$F$2:$F$34,"Bisa ditunda") -> 0
A27: Admin / Pelanggan | B27: =COUNTIFS('Daftar Halaman'!$B$2:$B$34,"Admin",'Daftar Halaman'!$C$2:$C$34,"Pelanggan") -> 1 | C27: =COUNTIFS('Daftar Halaman'!$B$2:$B$34,"Admin",'Daftar Halaman'!$C$2:$C$34,"Pelanggan",'Daftar Halaman'!$F$2:$F$34,"Rilis 1") -> 1 | D27: =COUNTIFS('Daftar Halaman'!$B$2:$B$34,"Admin",'Daftar Halaman'!$C$2:$C$34,"Pelanggan",'Daftar Halaman'!$F$2:$F$34,"Bisa ditunda") -> 0
A28: Admin / Konten | B28: =COUNTIFS('Daftar Halaman'!$B$2:$B$34,"Admin",'Daftar Halaman'!$C$2:$C$34,"Konten") -> 3 | C28: =COUNTIFS('Daftar Halaman'!$B$2:$B$34,"Admin",'Daftar Halaman'!$C$2:$C$34,"Konten",'Daftar Halaman'!$F$2:$F$34,"Rilis 1") -> 0 | D28: =COUNTIFS('Daftar Halaman'!$B$2:$B$34,"Admin",'Daftar Halaman'!$C$2:$C$34,"Konten",'Daftar Halaman'!$F$2:$F$34,"Bisa ditunda") -> 3
A29: Admin / Pengaturan | B29: =COUNTIFS('Daftar Halaman'!$B$2:$B$34,"Admin",'Daftar Halaman'!$C$2:$C$34,"Pengaturan") -> 1 | C29: =COUNTIFS('Daftar Halaman'!$B$2:$B$34,"Admin",'Daftar Halaman'!$C$2:$C$34,"Pengaturan",'Daftar Halaman'!$F$2:$F$34,"Rilis 1") -> 1 | D29: =COUNTIFS('Daftar Halaman'!$B$2:$B$34,"Admin",'Daftar Halaman'!$C$2:$C$34,"Pengaturan",'Daftar Halaman'!$F$2:$F$34,"Bisa ditunda") -> 0
A31: Asumsi: jumlah dihitung dari prompt final (template halaman, bukan jumlah URL).
A32: Tidak termasuk halaman 404 dan /styleguide (hanya untuk development).
A33: Halaman produk = 1 template untuk sekitar 560 produk; Katalog = 1 template dengan filter lewat URL.
A34: Review, drawer keranjang, dan pencarian instan bukan halaman terpisah.
A35: Rekomendasi 'Bisa ditunda' berasal dari saran saya, bukan keputusanmu; ubah di sheet Daftar Halaman.
